branch_name,district,province,location_type,establishment_year,branch_id,latitude,longitude,branch_age,total_customers,active_customers,atm_count,staff_count,digital_adoption_rate,competitors_within_5km,business_density,average_income_area,population_density,remittance_contribution,tourist_area,deposit_base,loan_portfolio,net_interest_income,fee_income,remittance_income,total_revenue,operating_expenses,profit,ROA,cost_income_ratio,deposit_loan_ratio,premium_customers_pct,business_customers_pct,rural_customers_pct,customer_retention_rate,savings_accounts_count,current_accounts_count,fixed_deposit_count,fixed_deposit_value,special_savings_count,womens_savings_accounts,childrens_savings_accounts,senior_citizen_accounts,home_loan_portfolio,vehicle_loan_portfolio,agriculture_loan_portfolio,sme_loan_portfolio,education_loan_portfolio,personal_loan_portfolio,npls_ratio,loan_recovery_rate,mobile_banking_users,internet_banking_users,qr_payment_volume,digital_transaction_volume,credit_cards_issued,debit_cards_issued,credit_card_spend_volume,debit_card_spend_volume,pos_terminals,cross_sell_ratio,service_quality_score,average_wait_time,complaint_resolution_time,customer_satisfaction_score,marketing_spend,community_engagement_events,referral_new_accounts,campaign_conversion_rate,tourism_seasonality,agricultural_seasonality,festival_season_index,remittance_season_index,local_economic_growth,electricity_reliability,internet_reliability,remittance_transaction_count,average_remittance_amount,international_remittance_pct,domestic_remittance_pct,operational_efficiency_score,staff_productivity,training_hours_per_staff,staff_turnover_rate,branch_renovation_year,fraud_incidents_annual,fraud_loss_amount,security_investment,compliance_rating,branch_size_sqm,atm_uptime_pct,solar_power_backup,digital_kiosks_count,cash_recycler_machines,microfinance_portfolio,priority_sector_lending_pct,local_cooperative_partnerships,govt_transaction_volume,mobile_banking_transactions_monthly,internet_banking_transactions_monthly,banking_agents_count,agent_transactions_monthly,agent_revenue_contribution
Dailekh Central,Dailekh,Karnali,Semi-Urban,2009,1,29.3931791,85.5489358,16,3495,3070,1,14,0.728454478,4,0.202080022,25377,12527,0.322522473,1,662881724.2,536482765.8,26939059.08,7268229.642,29881494.74,64088783.46,14738938.95,49349844.51,0.0411,0.23,1.2356,9.209960507,10.29247572,33.73438164,87.9515825,2605,778,545,197044091.4,451,627,385,598,177630410.5,67903653.36,89017090.35,160313606.8,35014486.29,6603518.428,0.514171994,94.11585292,1990,1195,3486996.773,9939321.868,173,2301,7945441.28,25937272.53,8,2.551322577,3.35501955,5.52460614,19.97058361,9.169021525,187648.0693,2,22,3.480817297,0.709869467,0.178146567,0.65513582,0.285833836,2.794342684,17.01702774,89.81821144,3935,33982.30356,40,60,79.45705133,4.577770247,86.53573053,10.84532735,2009,4,347905.6137,657361.6225,9.196206365,302,100,0,1,1,74886382.79,25.63282515,2,8394450.872,22921,6274,9,585,0.024949896
Dang Branch,Dang,Lumbini,Semi-Urban,2019,2,29.95106135,86.22222041,6,2678,1960,1,11,0.430140537,6,0.417081055,8214,962,0.211148537,0,363199364.8,392889846.7,13392990.59,8408335.933,13174856.41,34976182.94,5903669.949,29072512.99,0.0385,0.1688,0.9244,8.655556547,7.573896365,27.58754693,99,2088,405,382,127450216.6,360,501,251,355,119654448.4,48644450.66,62426934.07,100807172.3,17493877.68,43862963.56,2.571062121,90.06964646,661,488,981603.0801,3452167.04,39,1054,1573703.833,8264909.105,10,2.483112439,4.09904238,11.27819794,17.11605592,6.953141059,214082.2061,4,44,3.93449346,0.100008611,0.218319503,0.398999866,0.192122464,4.521835412,15.14861687,92.85144182,2167,78893.5974,71.17534174,28.82465826,95.03992989,3.179652995,51.35663875,1,2024,4,151449.4795,207025.011,9.591506852,416,98.73825558,1,2,1,48670199.1,10,3,3589932.122,7575,2910,8,690,0.034421034
Kathmandu Branch,Kathmandu,Bagmati,Urban,2013,3,26.63096083,82.40406191,12,2961,2444,2,15,0.488154445,14,1.103779468,54581,10337,0.24465401,0,150000000,110216636.2,6221787.828,12789166.07,10900962.04,29911915.94,8108029.95,21803885.99,0.0838,0.2711,1.361,8.28656203,17.08563437,9.283853224,86.36995322,2337,512,235,41626960.6,341,819,177,510,40452146.85,25631134.97,6134892.053,29466734.48,7271923.509,1259804.294,1.566619975,84.44712077,874,612,467777.346,3887962.841,299,2012,7464886.317,18865988.91,33,3.72658931,4.467839197,18.35777547,32.66006477,6.370948229,300439.1327,1,27,2.950959467,0.08547838,0.081165782,0.614249574,0.249646589,6.38087421,15.73378652,99.9,1184,86603.67098,71.39511903,28.60488097,76.25179192,1.99412773,57.5212484,15.55479984,2021,1,95241.71532,481435.2922,8.944263311,284,93.9171015,0,1,1,16160714.36,25.79664902,4,3892315.653,5579,2907,11,1511,0.06436326
Kanchanpur Branch,Kanchanpur,Sudurpashchim,Semi-Urban,2020,4,27.83229515,83.03548393,5,2037,1511,1,6,0.556354703,3,0.272655306,24733,4894,0.569594202,0,966637891.7,971051079.7,35778907.16,8529693.862,73052733.42,117361334.4,20642812.84,96718521.59,0.0499,0.1759,0.9955,4.594683362,14.46374243,27.56474329,94.37240503,1566,463,177,389191001.7,314,582,131,269,378013340.1,129446644.9,114262802.3,262103209.5,20974908.65,66250174.27,2.128544273,91.63066511,599,462,1730596.605,19516866.18,60,772,2875486.629,10338440.94,18,1.624220497,4.46201351,11.07548932,17.72732375,8.549009226,859881.024,1,21,2.591312619,0.248928475,0.233758945,0.397154884,0.63983753,2.964769667,11.77348331,96.84807961,12682,30367.58388,55.79355971,44.20644029,97.54794182,19.56022241,26.3380617,1.590352961,2022,4,237569.5284,1013343.12,10,311,95.6330524,0,0,0,53189269.15,19.51643444,2,15185372.6,5733,1744,14,1535,0.021314828
Salyan Branch,Salyan,Karnali,Rural,2019,5,26.53493938,86.73878127,6,1589,1368,1,8,0.116873453,3,0.185860912,3458,1343,0.151770531,0,287497797.7,282779966.3,16603869.92,4191590.736,8720030.059,29515490.71,8173920.554,21341570.16,0.0374,0.2769,1.0167,7.275404566,13.59654446,65.46127191,91.84946119,1030,193,168,107225729.7,235,337,185,143,111678546.1,31148750.13,36452859.15,85248415.04,22424419.98,0,3.823962258,90.57113824,134,82,148019.4836,783516.837,40,822,819490.6773,10591634.53,4,2.605211233,3.818193894,11.71527188,27.69362123,5.789831607,321379.2727,3,40,1.303629156,0.220556095,0.436141815,0.331034982,0.155960649,6.837875369,14.9467694,76.94891331,1176,42256.23889,75.276509,24.723491,83.47581705,3.689436339,82.33140748,9.301201598,2023,3,200568.6789,428803.1143,7.721695275,125,95.58753577,1,1,0,15377752.03,15.10813611,0,1599461.98,1920,541,14,1460,0.040265101
Kalikot City,Kalikot,Karnali,Semi-Urban,2015,6,28.56370462,86.12551326,10,3833,3011,1,10,0.454834446,1,0.396744907,19937,5387,0.293758293,0,743994223.3,572254965.9,28464324.47,16356739.03,59495025.83,104316089.3,13620370.68,90695718.65,0.0689,0.1306,1.3001,12.04126378,5.189665583,43.83227297,96.11662255,2446,588,580,314828339.2,637,646,332,715,199523298.3,134019609,61801656.6,225894624.5,28482384.95,0,3.067116979,91.28014867,1128,927,2199114.873,12346997.73,188,1600,7157836.605,21157460.47,6,3.187883689,4.832737222,17.07185033,4,6.220423033,311204.4555,1,36,2.750362845,0.091948757,0.351232743,0.598281251,0.327205285,5.54696389,20.07063608,86.19404949,5218,32964.8614,77.80150147,22.19849853,72.44617068,10.43160893,89.602974,8.942410985,2018,4,138839.9296,806340.8062,7.093338903,479,92.23030026,0,1,0,74455863.31,13.24157697,3,15154930.84,7250,6723,12,641,0.025378669
Bara Branch,Bara,Madhesh,Urban,2016,7,30.4837098,84.33873763,9,4687,4191,1,18,0.642237658,4,0.722036633,49786,15154,0.104592409,0,1012512048,1053878414,54252410.04,13125829,24165815.97,91544055,11196793.16,80347261.84,0.0389,0.1223,0.9607,5.120633735,26.34867168,20.57030747,88.20240444,3155,737,579,375661172.7,1105,1370,408,804,331744437.6,189085792.5,173423766.1,347687290.7,36861188.27,0,5.658858478,92.4665895,1960,1670,3962628.274,10429736.81,408,2534,11345946.8,23978560.67,78,2.629385287,3.57082111,15.5015494,17.09234609,7.622009815,239869.7409,4,29,9.120169077,0.036791227,0.190566032,0.61642988,0.129611689,5.32709218,24,95.01204746,1809,36145.35188,74.47517264,25.52482736,97.70800636,5.085780833,74.55434082,8.865164711,2024,1,41268.27653,253020.2404,10,316,97.12325581,1,2,1,150422643.5,17.18766612,3,11843021.29,19771,6428,7,447,0.083229845
Syangja Branch,Syangja,Gandaki,Rural,2018,8,27.40623401,84.10480613,7,1160,853,1,9,0.446331769,2,0.375535795,18514,1787,0.448207428,0,150000000,152921212.1,8312614.878,2851880.655,16976001.55,28140497.09,5849728.514,22290768.57,0.0736,0.2079,0.9809,13.1620387,15.8902178,50.7885208,94.48723985,824,180,179,54049408.02,257,189,93,231,52570326.37,27350623.72,25289296.91,55765454.21,3735107.147,0,0.615730336,86.36431412,359,225,521217.4872,2964433.276,12,726,520894.6544,8274903.927,4,2.326736955,3.962783285,15.10336049,26.13241201,6.164655641,284592.7117,2,46,4.760395702,0.016623855,0.285472402,0.407110827,0.358025515,6.599054342,16.19132943,85.54930893,2075,79653.24928,87.50883232,12.49116768,84.59180079,3.126721898,47.68184659,11.64917144,2024,4,344536.1342,175633.4911,6.839039066,354,96.28885466,1,0,0,15804071.3,21.03843844,2,1881574.664,5175,917,11,1342,0.068411113
Kailali Branch,Kailali,Sudurpashchim,Semi-Urban,2008,9,30.20221419,87.2055194,17,3937,3410,1,10,0.650529935,6,0.288545537,20774,8264,0.14780408,0,878650238.6,1031073845,34464816.72,13614033.36,14784508.53,62863358.61,15849137.19,47014221.41,0.0246,0.2521,0.8522,11.35789419,6.893005697,46.0632501,87.67577384,2805,881,211,227651564.5,898,931,453,677,292121116.4,201934450.3,128580794.9,335545250.5,38541849.04,34350383.88,3.763783424,89.80222423,2083,1208,2712457.153,9691920.778,119,1804,2593889.528,16950483.22,7,2.977050488,4.014159188,12.1487807,35.25940567,6.983955272,287834.9213,3,22,4.192241554,0.215508866,0.399414385,0.902544156,0.189961421,4.66790448,16.26201509,89.52662301,1172,55937.81386,78.33200657,21.66799343,75.21251378,6.286335861,64.93209726,18.27878063,2011,2,68144.9014,474154.7592,7.605392698,138,94.43938507,0,1,1,77152191.51,17.80134471,4,4147093.643,17235,8508,8,1010,0.059861243
Dadeldhura East,Dadeldhura,Sudurpashchim,Rural,2009,10,27.41323784,87.15395094,16,1571,1232,1,5,0.423285376,3,0.143442798,14086,4183,0.378862123,0,150000000,120086329.8,5099904.507,7832138.918,13069357.25,26001400.67,4878383.231,21123017.44,0.0782,0.1876,1.2491,17.23488942,12.78621911,65.44174518,96.12737816,1099,229,83,65856984.12,315,463,112,192,25231108.29,20923137.25,21897852.88,39730803.26,5792389.478,6511038.59,0.717327552,91.33525133,435,341,442055.8802,3043065.053,28,992,867387.3761,8933769.68,5,3.122741557,4.041141995,17.32740188,17.7925386,8.90934744,86767.95873,3,12,8.597796247,0.151276659,0.577328422,0.495804474,0.490040887,4.846890591,12.97439193,88.08301444,2325,38316.77138,98.69358219,1.306417814,74.77139973,5.200280135,98.00662523,9.899065915,2012,3,121553.031,280789.7024,8.218215391,401,90.96664847,0,1,1,6548347.82,15.40674027,0,2166022.516,4235,2113,11,1117,0.046237268
Pyuthan City,Pyuthan,Lumbini,Urban,2007,11,28.77089662,81.88694081,18,4450,3310,2,31,0.622259467,3,0.34969516,39964,14577,0.352441183,0,964375554.8,1111645352,71573748.45,9845945.621,50167438.64,131587132.7,30764486.81,100822645.9,0.0486,0.2338,0.8675,4.979296166,14.50931583,17.26136242,91.86126045,2814,1106,650,298808745.7,744,1220,459,734,288981228,247188045,175507132,372135819.3,87590852.55,0,2.781057679,97.75250246,1742,1316,7464224.456,19455721.01,109,2283,5342321.176,29288698.12,37,1.801152171,4.492161199,10.93005578,23.40643548,8.174819492,1018469.898,3,33,1.754555957,0.051153619,0.140595975,0.733815064,0.42458599,6.188337543,22.3989706,99.9,6008,77650.88265,79.33752966,20.66247034,100,4.244746216,22.52564107,8.811300079,2016,0,0,1001313.267,7.969003045,160,93.13057842,1,1,1,157911551.1,17.2226144,4,16262028.3,9794,5220,7,577,0.072978144
Dhanusha Branch,Dhanusha,Madhesh,Rural,2016,12,28.28521831,86.43387928,9,1176,1013,1,6,0.445296749,1,0.138651821,13902,3215,0.138772326,0,150000000,136768396.7,6658020.505,4924179.597,4884915.813,16467115.92,4887984.115,11579131.8,0.0404,0.2968,1.0967,6.813064363,16.75606612,65.76431454,97.68201699,779,148,198,47769810.53,200,312,143,184,46318349.31,26192719.03,16174153.74,34096884.73,7315084.922,6671204.985,1.815104448,85.83822213,341,312,226090.9222,1157114.519,11,792,324623.4459,6722521.14,9,2.829990889,3.723888478,15.16465909,26.43507625,5.984255885,204396.9909,2,14,7.095010403,0.202986674,0.453673212,0.986112376,0.165281514,8.732579812,12.43907619,75.56362939,664,86323.10838,79.28798086,20.71201914,83.3445679,2.744519319,43.23621216,15.29272136,2018,3,123518.1488,184252.7786,10,202,94.46915832,0,0,1,19599238.59,16.00851378,3,1049404.762,3804,2217,7,818,0.062483319
Jhapa Branch,Jhapa,Province 1,Urban,2020,13,26.75892994,81.57103859,5,5740,4633,2,20,0.66481193,1,0.398127608,41587,8286,0.173395214,0,398861365.4,453602286.6,14975858.91,25394143.05,18755910.86,59125912.82,7070379.867,52055532.95,0.0611,0.1196,0.8793,3.10340386,14.74895474,17.75889147,91.86749211,3504,929,822,107736036.9,1458,865,602,1099,127635287.4,108980133.4,82446725.86,134034805.4,14500466.9,0,4.653469436,87.4119435,2898,1528,3255428.196,11068528,188,3380,6778258.842,41341377.52,42,2.656651566,3.991788552,17.94196637,54.32318911,6.969131227,328979.0413,1,45,3.021121115,0.052736612,0.170452931,0.998020262,0.162678826,7.379489579,24,99.9,2040,95562.61213,83.75892278,16.24107722,76.40707909,2.956295641,96.97051041,14.95327415,2024,4,43336.18065,302035.8438,9.608703581,142,97.46144654,1,0,1,47324348.5,22.53637016,2,8505620.281,39153,9589,6,367,0.032999541
Surkhet Branch,Surkhet,Karnali,Rural,2020,14,27.29279386,83.33259528,5,1470,1170,1,11,0.326186672,3,0.289681688,15523,162,0.553172575,0,251757779.9,176501762.6,8051458.012,7025944.704,35794836.36,50872239.08,7989477.302,42882761.78,0.1001,0.157,1.4264,15.33337345,16.67718236,63.76743413,97.52863596,957,188,214,102755827.3,313,387,99,268,66966278.23,39544950.53,22467279.81,38362226.37,10617525.52,0,3.278451865,89.1644096,284,168,541824.2112,2482595.675,14,695,596577.7937,10105542.02,5,2.602699581,4.603254483,7.915321645,28.42407971,7.106661188,310912.9151,1,36,4.057489646,0.207830577,0.338644717,0.382757393,0.489050915,7.801213353,15.01151702,78.51576853,5095,65176.43299,54.60215789,45.39784211,87.46253566,4.624749007,91.60946959,15.22742091,2024,1,20567.41713,452565.663,10,218,94.0766653,1,0,0,11528840.35,21.09575164,3,5625141.613,2601,1149,9,933,0.073127555
Kalikot Central,Kalikot,Karnali,Semi-Urban,2007,15,28.73255722,84.44600065,18,2884,2450,2,10,0.545232101,5,0.190408787,14910,10999,0.400405245,0,658541249.2,741754485.8,26923691.86,14080659.07,30593149.28,71597500.21,9820670.558,61776829.65,0.0441,0.1372,0.8878,11.24691842,18.30981312,30.46029057,91.61881787,1873,614,471,175418307.1,546,737,166,425,157512758.9,135108641.6,93329818,233311704.4,21504310.28,100987252.7,2.834825831,93.03948255,1044,742,708010.956,5507387.603,130,1314,4590463.881,17196213.97,19,2.630626386,3.776783193,12.97044996,36.883581,6.473484701,299824.2249,2,12,4.265939348,0.138713492,0.275195833,0.806296056,0.375407636,4.239782533,22.78018652,79.81450476,7548,82206.3138,66.61617229,33.38382771,83.77211875,7.159750021,66.2649012,19.82762015,2007,1,15738.39209,586931.8497,8.434249739,473,93.33440142,0,2,0,67415612.67,29.40578535,3,9063009.779,15433,5580,9,1343,0.05059837
Kapilvastu Branch,Kapilvastu,Lumbini,Urban,2008,16,30.25470373,84.67133836,17,6977,5691,1,31,0.489722341,10,0.327819164,93809,5047,0.132793362,0,516851135.2,507864883.3,21662871.89,19412086.77,16056688.09,57131646.76,9303132.969,47828513.79,0.0467,0.1628,1.0177,2.759930498,5.207761282,22.39240571,93.7600578,5451,1090,968,197622428.7,1450,1730,591,707,156143920.3,91073571.52,121261923.9,124192284.8,10263135.54,4930047.159,1.897534931,84.89383591,1966,1364,2398258.98,5844432.816,533,4719,14617717.5,39930277.89,8,2.995849513,4.121900357,9.179606846,8.636347216,8.372457328,441865.4591,3,14,5.300402356,0.242843455,0.158901056,0.836237427,0.163369561,5.321483445,24,91.78325406,782,44425.71353,52.11712244,47.88287756,73.0809193,1.842956347,28.07173705,11.77206992,2008,2,146591.528,204176.3509,8.743339449,396,94.27629183,0,0,0,69259070.05,21.76027698,0,5735422.302,15516,11881,12,982,0.067833414
Dhading North,Dhading,Bagmati,Urban,2012,17,30.20187699,87.67302116,13,6298,4420,1,9,0.710284446,2,0.881773775,71366,5402,0.325197458,1,1889960643,1831026382,91982320.31,15098634.44,104361931.5,211442886.2,24053375.42,187389510.8,0.0504,0.1138,1.0322,3.742302879,28.88446993,18.45063803,91.67139529,4182,914,432,722045260.2,908,1228,353,1220,688361145,433471051.5,263482811.6,522648383.8,91070211.89,0,3.840754998,91.71362673,2960,2142,12839425.83,38621608.07,301,2946,7367434.999,25820517.15,73,2.819727253,4.28488364,14.2385428,31.71267312,8.82915253,696122.7925,4,22,4.393042339,0.883030719,0.166588611,0.940318822,0.33737011,6.776206764,21.16926867,99.9,20185,69010.07307,64.85411547,35.14588453,98.00940433,23.49365403,30.72742008,11.79921025,2014,1,68203.52664,1368373.537,7.069224898,438,95.38431324,0,2,0,140707344.1,16.59474171,3,23320502.05,40659,9247,12,1469,0.064708038
Rautahat Branch,Rautahat,Madhesh,Semi-Urban,2015,18,29.25486769,85.01575768,10,1703,1528,1,14,0.315370353,5,0.424358717,42639,1373,0.103129243,0,499697480.4,424587640.4,24004295.18,8202993.39,6537438.437,38744727,4768923.165,33975803.84,0.0368,0.1231,1.1769,14.20321774,9.389504083,36.98485516,90.21526627,1317,255,297,126456813,489,501,105,340,125586305,57909074.03,89583892.79,102284278.6,31804835.85,17419254.01,0.5,87.7384684,403,304,447779.1456,2526021.408,59,923,2087685.276,9204869.415,6,1,3.208048588,15.80207328,33.4296019,7.925457562,234882.5245,2,43,2.066047714,0.27429915,0.253476615,0.589751119,0.10699812,5.414119559,17.98558984,82.73308249,576,40214.58992,97.55097453,2.449025473,88.77362291,2.7674805,40.86192879,10.89517913,2024,2,95164.05324,124451.9955,8.526885839,231,95.62514842,0,2,0,49023227.19,10,3,2934241.848,5326,2968,11,1089,0.033458692
Sunsari Branch,Sunsari,Province 1,Semi-Urban,2018,19,27.74009721,85.63747646,7,3954,3442,1,7,0.301931508,6,0.457650438,39157,7876,0.200448501,0,681256873.3,494183359.1,27363613.52,17745727.04,14859762.37,59969102.92,9997527.571,49971575.35,0.0425,0.1667,1.3786,8.764113087,9.272063008,44.87438786,87.99351996,2506,822,448,295243020.6,824,973,220,332,182521423.2,119482771.3,74242318.22,174381379.2,22111509.6,0,2.162679649,98.98843263,946,487,1077374.27,1843760.256,166,2234,6396819.475,26065300.66,11,2.948590003,3.714410505,14.86291391,40.79226524,8.424633683,293209.1496,2,10,4.11926074,0.165493068,0.227030964,0.670592353,0.173356772,4.3355138,20.79289325,95.14788308,3552,31199.98183,88.4278983,11.5721017,86.35171802,8.567014703,85.05257767,17.24776358,2024,4,367518.4118,242746.5393,7.964764788,138,98.9521822,0,0,1,64995706.55,20.98799802,1,5378607.387,8259,2845,10,1490,0.03806858
Sarlahi East,Sarlahi,Madhesh,Semi-Urban,2013,20,28.65580883,80.91736582,12,1847,1642,1,12,0.392847287,11,0.438879693,33306,2830,0.159621714,1,631835010.4,558926300,29120621.32,6075448.176,10929185.19,46125254.69,7976454.272,38148800.42,0.032,0.1729,1.1304,20.37630436,9.243248728,42.10104064,98.94385521,1421,365,298,253945339.3,219,382,194,160,112841650,70261248.14,104780873,160289963.3,37483038.95,73269526.65,2.73749294,86.74290998,542,424,302159.9733,3726086.145,30,959,1381305.202,13306645.8,10,2.161279916,3.839826346,14.12082973,30.27402586,6.926299996,94620.51994,1,47,3.951290815,0.95972466,0.329126962,0.323031246,0.200685967,9.356086646,24,95.49058936,1199,97302.84329,75.57005217,24.42994783,81.20031327,3.843771224,66.96288833,15.06758986,2020,3,137539.9255,184076.6207,7.477207435,164,94.22787039,0,2,0,78055497.98,11.65707963,1,5791529.711,3468,4205,12,1200,0.097945866
Kailali Branch,Kailali,Sudurpashchim,Semi-Urban,2010,21,29.10112032,82.9001648,15,1435,1165,1,16,0.376897652,8,0.510887388,32623,9877,0.587441771,0,979102035.1,1138580046,44939177.48,3569570.107,149530017.4,198038765,26816523.05,171222241.9,0.0809,0.1354,0.8599,11.99611561,14.58878376,26.3424108,90.06725415,986,324,135,395362508.8,417,300,182,119,289956949.4,283378775.9,140717698.1,308739915.2,87065588.74,28721118.7,4.388784116,83.87117168,354,265,4198298.02,8743282.268,64,954,2649168.383,5552642.612,11,1.474937584,4.112225909,17.23549151,44.2071323,7.041115737,1031553.503,3,39,6.157361667,0.095003469,0.145746094,0.303636656,0.519862747,5.430684755,17.3094908,99.0692795,20007,48883.65103,84.78484318,15.21515682,64.23607843,12.37742281,30.60056036,19.38270175,2011,2,119853.2001,974023.502,9.880091354,110,93.1233119,0,0,1,93867992.37,21.97901767,1,15681647.15,3142,952,14,1967,0.098253845
Kaski Central,Kaski,Gandaki,Semi-Urban,2013,22,29.66938758,87.08532503,12,3070,2646,1,9,0.377628457,5,0.340734798,39776,7968,0.414949804,1,849514137.2,965118902,62099350.1,8188614.539,92820863.03,163108827.7,31326786.96,131782040.7,0.0726,0.1921,0.8802,12.47015093,13.04269506,39.29901077,89.79877938,1946,482,208,263541587.7,609,489,286,400,286491939.2,107647629.2,84693971.29,240621527.6,55496287.63,190167547.1,1.694051958,89.87222965,847,458,1077169.276,9912507.01,203,1674,7836970.424,21830239.97,12,3.320910313,4.271800077,10.14692834,33.26038453,5,732716.2845,4,44,6.297531401,0.989690151,0.223242839,0.524465609,0.526308784,2.368515198,16.55023623,83.04264084,9487,51992.82968,55.57977786,44.42022214,91.60826787,18.12320307,97.16596985,9.661493993,2022,1,72546.19909,1241802.999,8.846503882,330,94.85923826,0,1,1,86178857.2,22.38520414,0,17352340.93,9251,3123,11,1155,0.096240369
Kavrepalanchok Branch,Kavrepalanchok,Bagmati,Semi-Urban,2013,23,27.6787002,87.08769412,12,4227,3776,2,15,0.908025375,7,0.416125496,27599,3251,0.356592695,0,874638414.4,1041322493,53574614.95,20364466.18,38383747.15,112322828.3,33031911.06,79290917.21,0.0414,0.2941,0.8399,10.38410946,6.868031103,36.54055557,95.98506728,3135,700,371,339855673.6,1115,1138,384,591,340165911.5,141935562.2,154948209.4,357222847.2,70127452.82,0,1.9074921,82.21709051,2463,2390,4441386.438,18374978.78,182,3278,7416730.408,34210689.77,9,2.200319387,4.750379895,16.25110871,19.81617439,7.150742296,805356.9602,4,31,3.356729898,0.19145411,0.198229213,0.838267834,0.390312453,9.23814637,19.52774181,95.44033318,6849,75289.98936,90.45425181,9.54574819,82.38789159,7.488188552,23.54373548,10.70478927,2022,3,137896.7915,1655140.244,8.303650151,486,94.78519622,0,0,0,105243990.3,19.81388882,2,12136687.1,26483,14627,8,1017,0.067087197
Sarlahi West,Sarlahi,Madhesh,Semi-Urban,2018,24,29.60299835,83.57842985,7,2487,2230,1,13,0.489075663,2,0.213333147,11033,5437,0.459801893,0,687791662.4,496718507.6,23565468.76,8853125.721,82636265.99,115054860.5,27310736.69,87744123.78,0.0741,0.2374,1.3847,13.63814772,12.20778354,37.51164454,94.93056031,1663,257,158,229168801.9,727,416,358,241,130328042.7,83597672.81,60373724.72,147319357.8,24125494.66,50974214.85,2.403140104,90.39317595,882,664,1818869.73,9006257.169,151,1217,6866785.436,13970793.89,15,1.101259521,4.458163837,13.73244238,35.97612132,5,452652.621,4,19,8.17674941,0.05233597,0.217592992,0.691894267,0.586283082,5.248738669,22.43273127,83.68075258,7743,58353.32054,84.19160858,15.80839142,69.46584437,8.850373882,34.75614201,8.881155197,2024,2,25254.60938,1217083.248,10,178,94.4279528,1,1,1,35057621.33,21.08716437,3,15057572.32,4961,2464,13,893,0.046078793
Salyan Branch,Salyan,Karnali,Urban,2017,25,30.1672376,85.10987436,8,4428,3687,1,17,0.757797607,3,0.309790177,42459,10291,0.552022481,0,182811880.9,188926289.7,8132769.729,18117716.57,21281474.44,47531960.74,6576903.228,40955057.51,0.1102,0.1384,0.9676,14.35033865,22.72193227,14.15100844,92.60167562,2889,1015,525,69070298.74,971,1070,481,539,69733366.2,36388035.03,32506796.86,64461210.25,7150234.734,0,2.937953203,99,2385,1188,1046892.411,4451026.671,245,2113,9996758.582,21358729.49,44,2.459666842,4.100549523,17.25327198,37.2663112,8.687030306,102038.6275,2,17,5.277460444,0.190650493,0.119818918,0.751682067,0.717595956,3.442591157,24,91.11216054,5535,64274.94183,79.53953198,20.46046802,72.4572415,2.795997691,31.22372281,11.67930827,2020,2,29650.02727,225992.7002,8.82876241,103,95.96407165,0,2,1,18995367.46,22.10960377,2,5631095.563,21837,10548,9,524,0.022468856
Jumla Branch,Jumla,Karnali,Rural,2016,26,28.69024207,83.32981638,9,1886,1634,1,9,0.458070308,1,0.164067989,9997,5030,0.220887689,0,338205752.1,339332242.9,14553949.44,6271625.283,17565160.98,38390735.7,7763942.732,30626792.97,0.0452,0.2022,0.9967,18.06855635,13.81413721,72.83169856,91.02337346,1241,266,226,95929286.78,361,492,238,275,75549676.76,39746324.16,56419738.48,123739728.9,14255926.53,29620848.01,3.656904602,95.94735244,677,308,1060918.311,3680161.774,48,883,2155301.832,11049380.72,4,1.640674529,4.298700035,15.50586371,20.42923796,8.875706813,387983.6808,2,23,3.699888826,0.245018576,0.524049527,0.995770379,0.257417872,5.726037616,13.84617016,78.30593752,1249,86749.19018,58.5558737,41.4441263,65.59949117,4.2656373,67.03391176,19.97252532,2019,3,200848.0704,206825.7256,7.653038652,155,92.02582295,0,0,0,28870912.47,10,1,3987908.871,5576,2441,7,537,0.088641348
Dadeldhura Branch,Dadeldhura,Sudurpashchim,Semi-Urban,2017,27,28.95835159,82.74854369,8,3521,3041,3,13,0.670334846,8,0.46244615,35295,5896,0.442941922,0,660511381.7,528121760.7,16359635.97,9628271.793,57058773.26,83046681.03,22418247.16,60628433.87,0.051,0.2699,1.2507,6.805191262,6.707640826,49.63720756,98.56806064,2590,402,616,268919421.4,999,1052,481,335,197103363.8,72591173.77,82761553.06,193132205.8,34691481.52,0,3.711780507,86.55924827,1771,1114,2806823.368,8558755.964,129,2070,5032139.444,28568589.18,4,4.076705064,4.490882743,10.37584308,4,9.790942573,686548.4818,2,47,1.220855066,0.110721352,0.484025833,0.529102496,0.310716605,2.538282255,22.09028173,99.9,9373,81290.68186,95.76409228,4.235907722,85.6390912,6.388206233,78.474555,14.97377171,2021,3,126720.1369,505155.4621,9.353415559,313,97.27678577,0,1,0,40588102.82,21.40595712,4,6957278.515,19090,7756,9,759,0.074604154
Sankhuwasabha Branch,Sankhuwasabha,Province 1,Semi-Urban,2010,28,29.31705285,83.14862343,15,2147,1674,1,11,0.512281121,12,0.282309959,8858,9401,0.375048965,0,150000000,169533042.4,11090615.68,9307805.84,8088018.736,28486440.26,7429889.501,21056550.76,0.0659,0.2608,0.8848,10.52100552,11.74962749,26.21023153,88.98414164,1330,467,235,41227115.38,582,464,107,418,40766532.69,34464165.75,11831196.18,55945809.03,5007776.826,21517561.93,2.163189908,81.53521593,800,413,814601.8104,2190095.985,66,1442,1647739.657,12925245.4,10,2.431162261,3.505704446,6.482053414,26.15872981,8.892002286,282169.7791,1,36,5.836633212,0.211109412,0.131193519,0.633764696,0.292395627,2.673098913,14.04148745,99.5261695,1551,77598.79076,60.2626891,39.7373109,77.7536685,2.589676387,20.74295581,14.7502605,2016,4,395735.7674,274107.6245,7.531655545,152,95.31612652,0,1,1,10213131.1,13.32987253,1,3933946.05,5097,3475,12,759,0.099435212
Kalikot City,Kalikot,Karnali,Rural,2008,29,28.21713967,86.57161613,17,1222,1018,1,6,0.138338283,1,0.317287909,20349,2539,0.405817113,0,290633374.3,332982424.4,18149570.96,5080858.342,23701510.55,46931939.85,12489238.45,34442701.4,0.0552,0.2661,0.8728,6.99316178,13.27912774,54.28559201,85.62802507,862,123,164,98239859.52,298,298,79,158,112319378.4,76251103.4,20978959.95,73287108.23,21692719.03,28453155.38,3.028569686,89.90181101,119,72,502696.2182,1057630.405,9,621,202747.1533,6541593.083,6,2.886742968,4.111957067,18.82070215,25.50269403,7.070594459,428427.3882,4,37,4.244595006,0.254367631,0.450137586,0.511154534,0.410138853,6.477936452,14.55635223,78.4760235,3845,82349.05487,64.47012468,35.52987532,73.37099082,7.821989975,43.6433641,4.986973641,2008,4,383681.7441,497015.5985,10,145,91.26841029,0,1,1,49204711.23,16.53547401,4,6729685.377,752,649,10,865,0.074635364
Pyuthan Branch,Pyuthan,Lumbini,Semi-Urban,2014,30,28.19029298,86.16456965,11,3579,3106,1,26,0.595087853,1,0.345882563,37610,4683,0.411069934,0,858351667.2,703524710.1,33484190.85,14819331.19,51832119.36,100135641.4,16739625.84,83396015.56,0.0534,0.1672,1.2201,6.407963672,15.57969751,44.06814845,90.82020129,2830,771,186,226181255.5,545,558,200,625,211987557.7,136684723.5,132076927.1,199158276.7,43694961.76,0,3.997290487,86.63254688,1331,1036,3165590.728,9265783.331,111,2188,2896647.655,28620354.57,17,2.695295914,3.582326473,22.72574564,9.748818972,7.80982071,429024.2249,3,43,5.267553762,0.204316705,0.234908589,0.789073117,0.467787319,6.244838375,17.25884936,90.9614344,11084,34053.41608,75.65717208,24.34282792,78.52997998,3.851370823,26.89702387,16.81939558,2018,2,129589.8328,541888.5145,10,396,93.32752464,1,0,1,84528466.56,13.1509851,0,14549870.93,13616,8786,12,800,0.030154449
Kapilvastu City,Kapilvastu,Lumbini,Urban,2009,31,29.2669604,80.52667658,16,3018,2358,1,24,0.829863279,2,0.679827798,43309,7625,0.266309694,0,473335383.7,430769165.2,28514135.59,11324255.02,30140043.33,69978433.94,18988396.58,50990037.36,0.0564,0.2713,1.0988,9.558589758,35,20.6224796,88.78530173,1973,703,453,121112916.4,788,575,170,499,135834585.1,48056825.48,76426849.9,117179887,21528378.41,31742639.26,4.466940167,98.38850407,1647,998,2426687.869,7002443.074,233,1860,6256546.918,18764142.86,44,2.112488231,4.28449154,20.14198312,19.45046711,7.29641964,845309.1051,1,28,2.836638172,0.114893842,0.118587988,0.951812054,0.323430758,3.673437885,18.48346778,90.42932565,3924,93976.33687,75.51125202,24.48874798,72.30026769,2.915768081,79.25326625,13.16892956,2013,1,47463.09387,926852.4398,6.944104354,208,95.9926407,0,1,1,60391295.82,24.16764481,0,9127553.193,24398,9659,5,482,0.04258455
Bajura Branch,Bajura,Sudurpashchim,Rural,2011,32,29.46459553,86.99827319,14,3012,2682,1,5,0.437679292,6,0.189860767,22607,961,0.478807521,0,178522548.3,178812878.6,6941792.708,8006693.89,15998666.06,30947152.66,3274362.373,27672790.29,0.0774,0.1058,0.9984,2,13.49622628,75.34539513,96.91067597,2004,551,153,51795502.22,640,589,338,408,56922967.58,31114174.25,29663624.16,42751384.95,13236909.05,5123818.587,1.048430778,98.36286193,1044,555,141496.436,2465274.692,31,1712,1400803.826,23577640.28,7,2.793313307,3.647494072,11.72115461,30.69992295,7.576005391,32935.11375,3,43,5.077511985,0.218164512,0.415887375,0.670870142,0.403587126,3.842787532,14.94195464,68.58674142,2939,34192.6553,73.33160908,26.66839092,70.96092359,6.189430532,99.75674161,8.322350287,2018,0,0,183009.0209,9.736093175,307,98.27393036,1,1,1,10458808.5,23.0456906,0,1960544.984,13780,1955,10,934,0.097137462
Dhading Branch,Dhading,Bagmati,Semi-Urban,2009,33,30.41903231,84.37981376,16,6860,6046,1,19,0.616195108,2,0.600032952,40999,-4344,0.365199903,1,241757190.6,221040143,14295562.19,17459983.37,13422794.96,45178340.52,7475684.104,37702656.42,0.0815,0.1655,1.0937,4.538436177,10.7343662,30.91929337,96.8523908,4474,1010,1057,94320388.46,1694,1356,529,610,53169554.18,47963621.62,30438599.32,51078422.69,6600811.014,31789134.16,2.670060296,99,3041,1944,1322746.682,8154697.249,177,3768,4947192.092,23358342.8,8,2.775322488,4.096024558,10.45441768,25.60249086,7.347530164,279906.0124,4,37,5.416217353,0.616131923,0.28382748,0.529455561,0.275626498,7.22206417,14.85604216,81.35013637,2468,54901.99289,47.4569194,52.5430806,85.07991327,2.377807396,61.07677403,6.483166969,2015,1,99160.89584,158808.0785,6.347109407,261,96.16573581,0,2,0,21265017.73,32.46499759,4,2890478.779,15568,17131,14,883,0.085893873
Manang Branch,Manang,Gandaki,Rural,2011,34,29.45844126,86.82177914,14,1747,1311,1,13,0.1,2,0.142933745,21045,6882,0.107753315,0,150000000,179993087.1,7919410.32,6901405.193,4141713.245,18962528.76,4368036.154,14594492.6,0.0442,0.2304,0.8334,9.969645442,15.3539631,61.16719231,92.32731743,1268,343,219,45264619.57,458,267,98,328,51961532.01,21476546.99,33435821.06,65854293.16,7180463.051,84430.8707,2.381332416,94.59538241,93,70,41261.03017,407271.2004,33,862,689187.4701,10199295.34,4,2.296807819,4.133696157,13.60848903,15.98291456,8.49204235,81195.87009,1,21,3.650080487,0.26502714,0.316433008,0.733423584,0.091317795,4.139658713,16.1168315,72.09041772,324,58839.45444,75.42271736,24.57728264,79.90881003,1.458656058,64.05509322,17.42947783,2011,1,22351.24154,122210.2795,8.974698233,453,94.92491912,1,1,1,23306337.29,24.0888315,4,2430836.459,798,476,9,1271,0.06019146
Kailali Branch,Kailali,Sudurpashchim,Urban,2007,35,28.90960976,81.95606852,18,6326,5027,1,9,0.769315521,8,0.30405809,30396,10349,0.574923371,0,485874561.3,402363339.7,18008095.96,24150631.52,81776120.18,123934847.7,30199383.51,93735464.16,0.1055,0.2437,1.2076,16.95103775,23.12576699,12.76762549,92.04141048,4023,935,496,208514504.4,1617,1004,943,907,142182503.1,100567040,78902235.48,88530745.22,23905156.53,0,0.925796521,84.67443168,2964,2493,10613066.28,10600622.37,751,2954,34091759.69,38324920.91,42,2.286342707,3.695243899,11.06514349,24.6797991,8.029692754,1315753.621,4,17,3.859002444,0.177755853,0.115305079,0.788338595,0.717727438,6.375702959,21.90947719,83.81589422,7527,79039.25623,60.90996909,39.09003091,78.55912444,13.77053863,95.80469881,5.951526286,2012,2,53882.05968,1797474.808,9.09992873,452,99.5922525,0,0,0,23749792.94,26.09380926,1,8908547.669,30423,7490,14,982,0.030439164
Dadeldhura Branch,Dadeldhura,Sudurpashchim,Urban,2007,36,30.20132611,84.72153317,18,4227,3726,2,26,0.514327675,15,0.450171897,8766,9241,0.571905887,0,875326882.6,871868405.4,55122018.8,11533572.99,119864064.2,186519656,29902185.35,156617470.7,0.0896,0.1603,1.004,8.932785645,29.18971989,19.33875265,92.59466983,3312,958,389,222667910.1,918,1215,538,767,324451784.1,212808964.4,92451719.92,338620299.1,38131804.43,0,2.095496835,86.93298668,1389,940,2813445.04,12615161.63,535,3043,26118626.71,34969555.48,44,2.288271219,3.805911591,12.85208111,25.92688777,7.50304602,1457723.039,3,47,4.873876339,0.236097538,0.11827941,0.712265109,0.460504899,7.643163295,24,88.13289788,17213,78194.89077,40,60,89.34319911,7.173832924,30.18786918,5.165606508,2014,4,381531.3375,1066433.246,8.275234598,497,91.48966092,1,0,1,123895832.4,10.99009781,4,13446113.41,14800,8983,6,747,0.039039674
Dailekh Branch,Dailekh,Karnali,Rural,2007,37,27.75825581,83.51269971,18,1824,1411,1,5,0.22604986,1,0.209335217,21437,4714,0.283790964,0,150000000,166674818.9,5703871.452,8905429.568,9668063.757,24277364.78,6451502.414,17825862.36,0.0563,0.2657,0.9,12.70731364,15.03662064,79.47138965,89.6939584,1155,424,112,58768974.39,415,516,172,203,41653399.4,18362434.29,14750503.33,36936293.29,3346308.579,51625879.97,0.5,87.26877776,254,197,427161.9768,1519655.17,25,919,909517.9758,5527128.463,6,2.774262804,3.260544216,12.9167996,23.81628181,8.0792915,287492.0365,3,37,4.239160737,0.048796954,0.426645886,0.892033739,0.248869115,3.748475906,18.22902881,77.1219989,1128,96616.3492,74.59043191,25.40956809,70.66732041,4.855472955,25.93603214,9.783588744,2008,1,75878.65767,270200.8586,7.615197286,459,94.48116182,0,1,1,16379747.59,28.5585424,0,3501869.687,1689,1817,6,360,0.036444038
Jajarkot Branch,Jajarkot,Karnali,Rural,2017,38,27.43434606,86.62723359,8,2319,1872,1,8,0.394444326,1,0.204303441,12414,5494,0.329075757,0,353659242.5,295021751.1,18901608.85,10417395.7,13655245.73,42974250.28,11874912.86,31099337.42,0.0479,0.2763,1.1988,3.140494285,5.545754408,55.69952773,97.88468131,1714,483,336,107177478.1,362,430,127,344,108559419.5,36299030.82,30718944.58,84234961.88,11114344.67,24095049.57,2.248811587,86.65463631,639,428,406436.9102,1782343.804,18,1154,404245.4911,15507095.12,1,3.227933281,3.69719223,21.13004857,32.13511046,7.012088592,307544.7337,2,36,8.314616427,0.027341063,0.430035453,0.429416854,0.405189536,4.409713139,16.77470519,80.23518955,2458,61204.26896,94.52611934,5.473880659,95.61511197,5.371781285,41.06367733,12.16002075,2021,1,34170.57939,266776.7429,7.74658213,400,96.37991643,1,0,0,30725010.94,16.61142315,4,4683017.686,6732,3803,13,1194,0.062841153
Parsa Branch,Parsa,Madhesh,Semi-Urban,2012,39,26.42053999,86.97781326,13,2770,2039,1,16,0.411264292,6,0.251150981,25735,6238,0.419132943,0,755657518.6,861570468.7,50011882.56,7835791.865,32315110.09,90162784.51,26112270.83,64050513.68,0.0396,0.2896,0.8771,20.06693624,12.54614132,46.67235034,90.53871379,1925,643,310,200846975,777,712,277,520,310242968.1,173718654.2,184859809.7,193040356,56373697.64,0,2.721616367,83.26436855,623,583,2894208.425,9703736.714,49,1364,2432771.506,12758763.87,20,1.819870173,4.600206954,8.715528605,11.43706821,8.036652753,916254.7374,4,20,6.371408309,0.273241346,0.446694983,0.346908367,0.390992144,6.794115959,21.98419074,85.94563929,6782,52828.87638,53.67284,46.32716,95.01333652,5.635174032,42.09606559,10.38660081,2016,4,323158.23,1173023.712,8.249166984,309,98.98458243,0,1,0,93733192.11,22.78115005,3,12980285.14,8877,4045,6,471,0.062850678
Dhankuta Branch,Dhankuta,Province 1,Urban,2019,40,27.30936053,83.90396351,6,7063,5949,2,30,0.703150576,10,0.613722185,43794,11620,0.106897304,0,734928472.8,663052882.9,26344554.1,28194648.9,13654374.71,68193577.71,14368017.97,53825559.75,0.0385,0.2107,1.1084,12.27943886,33.57251524,11.87738357,89.42592708,4818,1112,799,273240843.1,759,1351,454,1080,224597395.3,70162518.79,121627856.2,176570197.1,22712715.8,47382199.7,3.613408154,90.28506562,3708,2828,5235617.245,4989070.178,761,3695,21620314.09,36640329.93,82,2.688014595,4.764234213,14.53917878,30.45955295,8.572507337,200127.7488,4,15,3.270094541,0.292265827,0.085701891,0.878076332,0.092108274,3.989422599,16.58491587,83.89606201,1336,75188.8368,100,0,68.96791634,2.273119257,35.03485527,10.89373188,2021,4,306740.1276,723856.8917,8.2231867,446,95.92222009,1,1,0,53781750.54,24.07868606,2,4334723.547,50106,25891,5,346,0.086634395
Dhading Branch,Dhading,Bagmati,Urban,2012,41,29.25199076,82.2215147,13,6290,4719,3,16,1,2,0.461350943,30859,15790,0.177033717,1,1434997616,1388980088,84016050.27,16073777.53,36398495.24,136488323,26866322.94,109622000.1,0.0388,0.1968,1.0331,14.30236744,15.70999665,21.73953355,91.33151314,4087,1059,1065,560979010.5,973,1720,632,982,312207404.5,145265758.6,147051341.7,442818962.1,42579214.67,299057406.4,2.839095941,88.75654437,4330,2718,7059829.802,18112372.11,648,3773,26351254.45,29620667.57,29,3.625141903,4.245487476,15.67438893,31.95457522,8.673473857,443732.1481,3,48,4.362043117,0.942844475,0.179066352,0.774386672,0.152505722,3.165702494,23.51850217,95.46805933,4395,31403.66502,67.07074977,32.92925023,85.86364019,8.53052019,82.42429314,18.19141536,2019,0,0,1233026.188,8.521271577,340,95.92649904,0,0,1,111876748.3,28.51107472,4,15597070.88,40000,15316,8,601,0.057335841
Rukum West Branch,Rukum West,Karnali,Rural,2011,42,27.25542929,81.47142066,14,2099,1475,1,6,0.165411844,3,0.21564626,11666,5950,0.251669437,0,232470819,227049479.4,13145414.62,4993181.967,16012583.45,34151180.04,6767935.338,27383244.7,0.0596,0.1982,1.0239,11.2037659,22.40673246,70.31588469,94.26203858,1605,334,132,81900107.3,487,580,183,330,73066797.71,32870268.49,15034235.58,48308729.84,18005400.15,39764047.6,0.5,93.76670811,209,160,159755.5954,1368296.091,40,913,979915.1556,11553781.17,12,2.766810869,4.644876377,15.36590676,22.33852819,6.275701764,285723.2317,4,34,3.581953485,0.198159097,0.590919138,0.804898238,0.275135181,3.969063182,12.54232496,82.20233315,2574,48159.83909,100,0,83.9467153,5.691863339,53.48525489,6.02058469,2014,0,0,290220.5549,8.944602668,175,98.58989446,1,0,1,29173520.74,16.95108548,4,4002069.13,2105,1426,13,1789,0.034490869
Kailali Branch,Kailali,Sudurpashchim,Semi-Urban,2014,43,27.73096492,87.91708067,11,1644,1233,1,13,0.415441317,2,0.505795402,30729,7857,0.174761828,1,306055910.9,289490108.3,15366379.93,6673576.422,6971770.188,29011726.54,7607699.076,21404027.47,0.0359,0.2622,1.0572,9.329914167,12.05875278,27.4400766,88.86040675,1028,228,254,123213103.8,224,414,137,149,78468227.44,61265222.8,27809227.69,103526898.9,11544584.2,6875947.369,3.277936521,89.39525926,391,250,838684.6987,2339511.373,88,904,4252954.598,5163790.266,18,2.793672711,3.556253911,9.812708498,32.66857629,7.127166848,228376.2411,4,25,7.453927702,0.719342302,0.144617706,0.897967839,0.136737002,4.780654866,18.8987389,99.46072665,710,58643.42927,53.72451401,46.27548599,62.39191188,2.231671273,65.55228704,4.371718427,2023,2,76949.02238,369937.5916,9.762584103,411,93.34442556,0,1,0,32842622.95,32.79099643,0,2244137.881,4931,1045,12,1187,0.081085533
Bhaktapur Branch,Bhaktapur,Bagmati,Urban,2019,44,28.04793089,84.88824013,6,4586,3777,2,10,0.488880434,4,1.011582573,54877,11554,0.25215121,0,1845213730,1565989653,83844660.68,15071840.89,99440861.35,198357362.9,22225161.16,176132201.8,0.0516,0.112,1.1783,7.178762007,20.69958347,6.760826875,98.16843981,3315,894,469,817550669.5,810,713,320,572,317606855,232286330.3,274023603.1,372886161.7,94906628.28,274280074.2,4.907311466,99,1581,876,8516181.361,16375831.81,171,2467,6439880.63,16455388.02,55,3.345856361,4.512031263,14.96263475,33.34033291,6.948814284,487355.3373,2,39,2.363602233,0.178910976,0.045224359,0.921581831,0.327111591,5.493925977,20.78311381,97.21159317,8430,93096.86433,85.44581171,14.55418829,89.55305209,19.83573629,48.74007091,12.44203443,2020,4,370553.9472,803120.9956,9.977530081,191,91.57493266,1,0,1,170644770.4,19.0317027,0,17189479.5,18190,2857,13,982,0.062778675
Dailekh Branch,Dailekh,Karnali,Semi-Urban,2010,45,27.41151373,80.66573722,15,4000,2991,1,11,0.349620595,5,0.38438096,24767,8129,0.195135655,0,216375335.8,226044190.6,11030165.16,8391678.265,6655158.513,26077001.93,4082189.706,21994812.23,0.0497,0.1565,0.9572,6.415888397,4.533853532,26.21467404,91.66927726,3195,797,539,54948160.22,951,850,352,582,66655745.37,27796442.7,34873827.46,73704481.45,8604821.328,14408872.25,2.35390299,97.56724872,904,626,263468.3625,2016026.241,74,2489,1712909.606,30335091.33,3,2.941568179,3.487906588,21.27046283,38.65240435,8.082097703,59438.73181,1,17,3.547031802,0.059924816,0.165544869,0.666202275,0.160207137,3.773009374,16.5111729,99.9,1224,50674.58407,100,0,95.43243528,2.370636539,23.15245661,9.555752891,2014,1,93981.19102,135627.2613,7.380382567,101,95.42265874,1,2,1,26425061.6,11.15780317,0,1538758.702,9145,5048,6,453,0.038492823
Bajhang City,Bajhang,Sudurpashchim,Rural,2019,46,29.62324053,84.83627463,6,2015,1734,1,6,0.360256758,4,0.140311504,13432,4448,0.175092625,0,258014784.1,199831083,8118197.468,4889818.346,5056495.999,18064511.81,4670140.801,13394371.01,0.0293,0.2585,1.2912,11.61583857,11.40958965,79.65997792,90.13585399,1328,341,126,73518825.94,217,390,262,236,69482874.02,22830655.38,32718463.26,41800229.79,14211971.33,18786889.19,0.586356319,92.56800053,540,281,227950.3669,1220503.422,36,1476,820387.4207,19408872.91,3,2.127109412,3.415041582,3,23.66982114,9.272251597,121568.9049,4,20,7.322518429,0.115714647,0.737122285,0.859929368,0.190729778,4.677226738,12.47292141,81.38766494,820,37913.95895,60.02421841,39.97578159,83.017919,3.010751969,75.69358988,15.83040139,2019,4,97382.34309,171119.1366,9.726933224,336,94.69953777,1,2,0,17580155.09,18.98163125,1,955280.7026,6396,2492,14,882,0.093631839
Gulmi Branch,Gulmi,Lumbini,Semi-Urban,2011,47,29.23888148,87.72994517,14,3670,2936,1,14,0.574699744,9,0.451959657,48429,14536,0.132176741,1,291428353,266952548.1,11450359.16,10096550.61,4555588.232,26102498,7631906.324,18470591.68,0.0331,0.2924,1.0917,5.610087066,8.692478584,27.82343698,91.09408443,2503,392,308,91172657.59,884,923,465,547,83556800.29,65853011.44,60255189.22,71452553.29,13717674.5,0,2.940838608,94.56792313,1476,723,844860.8165,2245895.508,111,2262,3501639.136,30288926.94,10,1.937774735,4.746344284,10.64438199,23.74359247,6.752788321,377868.3892,1,35,0.5,0.662770949,0.257206192,0.896309806,0.161473634,7.091281713,20.94737559,89.74937954,396,64415.35728,76.00486076,23.99513924,85.15939218,1.864464143,39.27134534,4.187270716,2020,0,0,349027.6258,7.970947323,261,97.38279404,0,1,1,25309733.33,13.72855288,4,2472084.371,9132,4686,11,662,0.052987084
Kailali Branch,Kailali,Sudurpashchim,Rural,2011,48,28.72023734,86.25749383,14,2297,1688,1,12,0.178755257,1,0.2122479,12163,-247,0.332270114,0,171879196.5,205992531.2,9771338.007,10204961.91,16779643,36755942.92,7130729.341,29625213.58,0.0784,0.194,0.8344,11.46778966,6.573672782,66.71393034,93.86571993,1378,261,295,64250717.75,369,519,162,368,80351717.99,31826128.61,11976669.84,50382399.56,9736772.352,21718842.82,2.457230221,81.92434092,253,176,283307.8932,1520591.312,39,920,1668404.343,6640073.392,2,3.315317548,3.632704212,7.948737815,26.40683037,8.648637349,308014.3883,4,21,1.968356362,0.156595526,0.567767588,0.332044677,0.265315434,5.61102373,15.7722128,82.91311813,1564,80179.92789,77.64662333,22.35337667,76.32972161,3.062995243,77.72472764,7.862048897,2012,3,80636.71814,407939.4018,8.586143883,257,91.78358296,0,2,1,12519520.46,10,2,5243700.332,3383,1253,12,1140,0.072676536
Manang Branch,Manang,Gandaki,Urban,2009,49,27.68517539,85.68812413,16,3102,2350,2,22,0.981425626,11,0.961635478,38461,5507,0.425426414,0,1045959586,970036469.5,41304818.59,9212385.855,130840217.6,181357422,32795771.48,148561650.6,0.0737,0.1808,1.0783,12.18279902,25.37557647,24.12380643,82.54827026,1944,542,368,271650683.7,890,855,304,437,372719501.7,122787571.1,132684651.5,335728586.4,26872830.03,0,1.288323154,93.09577131,1837,1338,19166381.95,35744075.35,178,2095,8450960.691,26446749.05,42,3.940246829,4.010396854,8.359985294,21.80524271,8.874876419,1592029.453,4,28,2.708071642,0.040011549,0.170403992,0.790009999,0.488838824,4.061454388,19.28283109,92.81070825,12327,79104.60173,76.84005474,23.15994526,96.24678458,8.243519183,88.85660369,13.61539637,2016,4,267729.9824,919447.9271,8.247646498,349,94.12456619,0,1,1,143694945.5,12.18404596,3,26447832.6,18441,10516,8,492,0.048179024
Rupandehi Branch,Rupandehi,Lumbini,Semi-Urban,2013,50,26.52765716,84.25120302,12,1189,980,2,20,0.429623652,1,0.45426162,53954,6599,0.276816382,1,993235709.2,827889892.5,29175277.9,3405399.96,75931075.21,108511753.1,21370560.67,87141192.4,0.0479,0.1969,1.1997,14.41554889,11.68865121,37.00924806,91.27808035,849,237,123,396870911.7,318,229,160,210,252130552.9,85927371.8,89162507.97,276557310.5,26487629.3,97624520.03,6.331729081,91.49376454,373,188,1401517.6,6998113.094,68,760,1962086.755,9527314.005,7,1.973746265,3.786821202,17.74222855,25.35924493,6.061722022,909553.4735,1,44,5.838457869,0.895796992,0.345081906,0.819688915,0.286992798,4.297340646,24,99.9,4431,84901.5021,68.29017157,31.70982843,92.81016362,5.425587654,83.9057402,12.33927755,2015,3,280150.899,758701.6187,9.352773675,482,96.45419845,1,0,1,42467873.55,15.76821673,1,12159411.4,4777,1709,13,1834,0.076370326
Dhankuta Branch,Dhankuta,Province 1,Urban,2007,51,28.61945592,80.76431545,18,1013,910,1,20,0.707047089,5,0.939050915,62456,4661,0.284579158,1,728810257.5,813404420.6,40617366.16,4203757.508,41848860.49,86669984.16,13406544.71,73263439.45,0.0475,0.1547,0.896,6.782250838,26.19474531,17.95264771,90.66089867,760,184,130,295335306.2,296,196,68,164,193098399.7,102545301.3,103365016.3,224043825.2,37181097.44,153170780.7,2.015621844,85.2243871,539,282,4676781.574,9253441.672,63,713,1552582.769,4660905.125,46,2.796519346,5,6.662335429,24.29063348,8.912220555,161337.2769,4,34,3.840717218,0.864756084,0.13379668,0.700873893,0.260347627,6.314269233,16.50051106,99.9,6333,52250.13038,72.19283602,27.80716398,89.85729996,4.333499208,37.59696123,17.93693026,2008,0,0,491178.9268,10,314,96.73889952,0,0,0,67665772.85,21.62898158,1,6226764.154,6751,1893,14,1853,0.098490656
Bajhang Branch,Bajhang,Sudurpashchim,Semi-Urban,2015,52,26.90749627,81.56300504,10,2968,2433,1,14,0.331303686,1,0.460546678,42309,8163,0.185524005,1,238423769.8,259008697.8,16622270.45,8962249.165,11392006.5,36976526.12,5673476.002,31303050.11,0.0629,0.1534,0.9205,10.97192151,10.58733483,25.22009241,93.35393537,2177,495,497,88870128.25,665,872,350,351,99248632.77,62614873.67,27942218.4,79786972.15,9575484.127,0,2.145518308,90.84230488,747,521,444043.1733,3192020.711,108,1259,5070432.413,8718730.964,11,3.422318275,3.496728717,17.69939281,39.80538081,7.381931473,271921.0402,1,48,0.5,0.815189932,0.127024852,0.345830275,0.204484758,4.405920423,23.18797819,91.8170555,1747,90546.5599,60.01046652,39.98953348,74.95225079,2.641180437,53.93675616,16.20310013,2016,2,146493.7159,335012.8397,9.046733568,410,94.2832037,1,2,1,16932812.17,18.16587794,2,3075394.53,4388,1760,12,1269,0.065996984
Terhathum Branch,Terhathum,Province 1,Semi-Urban,2016,53,30.4953898,84.01505084,9,6214,4534,1,20,0.510127772,11,0.473904483,59574,6128,0.238049577,0,900049832.8,874591951.6,42167388.03,18426573.36,29509646.94,90103608.34,21579785.86,68523822.48,0.0386,0.2395,1.0291,8.041209255,8.310359262,30.69114087,98.46150276,4049,983,819,302961280.2,642,1559,643,975,283079064.9,186632753.2,120554805.9,297515547.1,21301007.68,0,2.113215437,96.0857926,2155,998,2991471.916,7366713.379,97,3654,3213637.595,32707438.46,10,3.564921236,4.499155449,9.841898436,28.84476108,7.475804394,624939.9618,3,15,2.192596279,0.11729777,0.275834267,0.682007128,0.303770437,6.083846707,13.28384084,99.9,2762,77410.23319,68.03074054,31.96925946,82.01159656,4.505180417,93.13351331,13.41643936,2023,3,130745.239,1251165.862,8.241095026,321,96.7600814,1,0,0,95912553.83,17.62548172,2,13037806.42,17341,8221,14,1181,0.05301236
Dang Branch,Dang,Lumbini,Semi-Urban,2007,54,27.63634057,83.87840525,18,4629,4085,2,8,0.602907719,8,0.396803262,10377,2858,0.495365601,0,150000000,153901425.1,5553411.775,22656516.98,9306625.79,37516554.54,10995003.58,26521550.96,0.0873,0.2931,0.9746,14.35648649,6.616081279,41.14828759,92.50551832,3251,574,364,62542451.01,642,820,601,843,56986241.78,36914100.16,45973500.86,44978159.46,8153678.508,0,4.826714799,84.99834338,1902,1034,381677.1511,5544325.664,192,2583,4578519.244,29845867.09,4,2.025578521,4.256953925,12.89790891,28.20756119,7.98918713,382413.1632,4,22,5.269442937,0.135193793,0.332548616,0.513972843,0.520382534,7.497459716,19.63927463,90.06993876,3960,55514.5405,85.08860552,14.91139448,98.99881935,4.689569318,45.30665276,11.33683127,2011,0,0,317327.108,7.525470695,395,98.32124201,0,2,0,18975627.04,19.39809418,4,3612275.362,16333,5313,10,675,0.068530213
Bhaktapur Branch,Bhaktapur,Bagmati,Urban,2015,55,30.12385505,80.1258503,10,5191,3783,3,38,0.711114217,14,1.091583696,26877,1483,0.487982718,1,926671380.7,1010778527,41038529.19,20088018.64,81168323.37,142294871.2,16515178.76,125779692.4,0.0649,0.1161,0.9168,2,25.0082409,21.83585991,89.85868726,4006,628,623,280454248.6,1439,838,298,426,304684694.6,105807421.5,138763288.3,284055949.4,55999332.58,121467840.4,2.391360061,91.65990165,2492,1521,7292033.485,30330633.12,327,3064,10128680.76,22162115.68,64,2.633349776,4.354725909,9.822568147,30.15726958,7.240453322,649526.6725,2,28,5.477620962,0.804164797,0.152500025,0.651517089,0.535613292,6.607661471,17.10989423,99.9,18720,86457.80398,66.96054832,33.03945168,88.08057798,3.744601874,69.12287812,13.83643657,2016,2,100319.6799,448648.1646,10,479,94.32960205,1,2,1,99410413.37,18.25341602,1,10228427.37,24612,5232,8,434,0.036541926
Dhading Branch,Dhading,Bagmati,Semi-Urban,2019,56,28.34937944,84.4363313,6,5006,4122,1,5,0.486631994,1,0.390044903,53250,8283,0.37375983,0,277250489.7,225610684.2,7583942.232,24704676,26121186.05,58409804.28,14063805.54,44345998.74,0.0882,0.2408,1.2289,9.902901971,10.78728087,47.69315231,95.19976761,3365,853,546,71887584,1482,994,602,713,82557589.32,50814483.9,20191572,69684374.83,6865556.246,0,0.56042727,84.7315879,1731,1022,1584175.093,7591895.798,202,2681,9537889.104,27248927.48,10,1.752537955,4.475153796,20.55306686,22.74660938,7.331178277,628775.5441,2,29,4.140104326,0.181263294,0.3581367,0.397277815,0.298769963,7.591380945,14.29058746,93.90695186,2519,75043.39017,89.62796445,10.37203555,85.0109417,11.68196086,36.92136833,12.94790808,2020,1,74557.24376,347843.0406,9.501046093,192,86.89030312,1,2,0,22083104.12,23.3893766,1,3862326.462,23080,3226,5,536,0.032890331
Sankhuwasabha Central,Sankhuwasabha,Province 1,Rural,2007,57,27.6623736,80.46017767,18,1486,1146,1,7,0.443271348,1,0.240592301,24032,2939,0.197678973,0,161425433.5,168027763.8,6251015.15,3752459.185,7080868.428,17084342.76,3015537.86,14068804.9,0.0427,0.1765,0.9607,6.729621584,4.677468413,68.88621275,94.0448104,903,276,85,48694293.45,202,436,163,219,34231289.34,34938364.92,25080119.64,43131202.15,4225043.025,26421744.67,4.148390254,89.31275743,412,354,535495.6498,1015640.404,29,848,1271315.981,11197442.97,1,3.167012183,4.806139129,18.57457227,43.67957435,8.242127491,109723.2098,2,38,4.150867278,0.102801382,0.500620268,0.713417194,0.165632893,2.616461539,13.61260004,72.46592315,598,37599.90797,100,0,78.24114188,2.440620395,36.18788393,12.61602403,2015,2,95563.10228,78351.05487,9.051485376,138,95.13080734,0,1,0,21572550.85,28.4752552,2,1054986.195,4046,1384,11,1460,0.091757516
Salyan Branch,Salyan,Karnali,Rural,2010,58,28.23682964,82.08261418,15,1514,1137,1,5,0.120318316,6,0.098105025,16225,2600,0.506223877,0,290236785.7,301499552.7,10950169.76,5034336.677,24846910.51,40831416.95,8881418.75,31949998.2,0.054,0.2175,0.9626,6.886753191,12.77842982,73.24611269,89.03011766,1104,269,148,75080673.98,311,279,197,264,83288437.16,56789615.45,48604473.46,106220657.8,18633412.9,0,0.915972987,86.94115455,99,60,213213.545,719733.0798,30,697,1389089.682,6333267.532,3,2.474074242,3.785348888,8.537895101,7.124190436,7.416894427,340744.0987,4,33,0.990559252,0.035348581,0.368865245,0.758182285,0.56325508,6.868100735,14.66380721,68.2886498,3372,55358.88528,70.36186384,29.63813616,72.47843594,8.166283389,32.38228644,13.59587255,2016,1,86947.92336,328101.4738,9.840450446,246,89.37448259,0,2,1,27533788.13,20.5751304,3,4011555.062,861,413,7,564,0.047548504
Jumla Branch,Jumla,Karnali,Semi-Urban,2011,59,27.1367114,83.15448464,14,2642,2104,1,13,0.613626157,3,0.260984635,21550,6037,0.394522892,0,150000000,179451903.3,7502745.926,13035187.98,13708445.31,34246379.22,5304629.759,28941749.46,0.0878,0.1549,0.8359,9.199336022,14.68536031,42.6373652,92.85278651,1973,603,358,59934425.85,500,673,174,279,50266664.06,27055187.68,23792887.6,60908036.39,11199125.99,6230001.546,1.597636802,88.40473032,955,890,217927.3321,2484283.143,53,1831,1752250.121,10328313.16,12,1.9427819,4.538003569,12.10655824,46.81428823,7.439339186,70029.54436,1,25,2.583186466,0.29533443,0.344076202,0.66470388,0.444612899,2.775314093,10.78744129,79.32691246,2965,96200.11005,79.00689977,20.99310023,85.08725023,2.634336863,85.61829875,4.09404649,2017,2,56307.30371,245473.699,9.395038314,421,93.55081684,0,0,1,18228968.96,20.73396506,1,2292736.499,5119,4160,5,328,0.099745372
Rupandehi Branch,Rupandehi,Lumbini,Semi-Urban,2020,60,30.09745222,82.34679204,5,1000,859,2,23,0.462644594,7,0.507461849,39357,17776,0.240928382,0,951851219,961793858.5,54928603.51,4162785.13,53166550.92,112257939.6,30047793.44,82210146.13,0.043,0.2677,0.9897,18.06110314,15.58735726,44.49182197,90.92587741,670,159,126,336525609,247,160,59,114,351971309.9,228186887.6,147463610.6,377655603.8,35192490.21,0,1.43056933,79.24092299,338,182,3899317.891,11165169.82,28,569,649430.5634,3256876.172,14,1.996592677,3.894434881,7.064102364,22.42491639,7.576851883,1438706.938,4,48,3.550288036,0.262833914,0.403351145,0.702425715,0.269000181,4.329995355,18.67461869,95.5355252,7930,69421.80227,58.64401384,41.35598616,94.1093238,4.880779981,81.59737542,11.50705934,2024,4,205185.4346,1154701.175,8.518849623,334,97.12464327,0,0,0,109034895.5,21.16608066,4,13211782.57,2467,948,14,1423,0.020777855
Dailekh Branch,Dailekh,Karnali,Rural,2011,61,29.61216403,80.27358916,14,1497,1157,1,5,0.330519545,1,0.125436245,6897,2706,0.55662135,0,150000000,136162732,5178512.673,6526229.034,22985020.66,34689762.37,6007278.397,28682483.97,0.1002,0.1732,1.1016,14.76568317,13.14849666,74.96531135,89.5502505,972,170,205,62132240.68,172,433,146,183,51587055.25,19111987.25,26152464.99,45835297.88,10157147.16,0,2.93380423,84.28136896,315,175,704908.2195,3147875.492,12,672,329890.3562,7516971.163,3,2.575991794,3.983385005,10.95941571,22.45754986,5.618150955,85709.27467,4,37,2.902550185,0.199027223,0.604905208,0.834970949,0.570472523,5.667120822,14.91154045,71.21180904,2094,63760.44568,93.98561761,6.014382387,71.33825152,6.937952474,69.65339799,16.847286,2015,4,362919.9183,328903.0183,8.927194362,296,93.06131807,1,2,0,9832212.611,28.87655446,2,1922326.838,4092,1110,10,1002,0.051497354
Gulmi Branch,Gulmi,Lumbini,Urban,2020,62,30.26558883,87.93254942,5,9217,6995,2,19,0.921991621,7,0.909277872,32774,17615,0.421693015,0,1069455022,788883155.1,47463991.03,24672471.95,106100097.7,178236560.7,41864425.46,136372135.2,0.0734,0.2349,1.3557,4.031815841,25.47450213,18.72677293,96.00232927,5852,2271,1297,365768716,2192,1398,655,1379,209122858.3,151399863.2,105262788.1,244327116.2,27002168.07,51768361.22,1.695255749,96.9623265,5274,3765,8778982.877,32826097.82,386,5458,12031345.49,73919117.84,43,2.32496744,4.144346815,13.30160919,22.3882951,8.310808273,719882.6229,1,33,5.586977441,0.068570025,0.102985054,0.488964375,0.354847547,2.352642448,24,86.57007051,14013,56661.83676,90.48819307,9.511806935,91.26705137,9.380871614,31.66749883,6.545167849,2024,0,0,1133030.996,8.089185712,299,91.68288599,1,2,1,96287948.38,18.92539485,3,14259534.1,56017,26260,8,952,0.02480291
Manang East,Manang,Gandaki,Urban,2015,63,26.81907269,83.0224024,10,2406,2044,1,12,0.49258004,11,0.483512986,88188,3007,0.2524102,0,1081484618,957910747.3,54594649.98,8215120.033,61122276.62,123932046.6,35770980.93,88161065.7,0.0432,0.2886,1.129,8.459828579,24.56779346,21.27636138,97.24123498,1672,467,261,342756334.4,414,563,344,266,195382245.3,113211278.8,172524790.6,376098090.4,30593261.69,70101080.47,4.174820573,87.18915987,849,598,2034469.347,15631665.72,148,1572,5124472.225,19438191.31,68,2.353544688,3.158280904,7.970649668,35.5782196,9.115582824,902961.1461,2,35,1.531302256,0.043454501,0.124208795,0.865402001,0.22778329,4.433564334,21.47325237,99.9,7077,70014.63017,62.8559472,37.1440528,84.24061044,10.32767055,87.91206176,9.630803265,2015,0,0,1168821.44,8.485547729,216,96.63885274,0,1,0,90512832.06,20.03211135,4,10697378.52,9227,5835,9,615,0.021848087
Kavrepalanchok Branch,Kavrepalanchok,Bagmati,Semi-Urban,2014,64,30.11942808,82.47795943,11,2833,2214,1,12,0.370401385,5,0.334188883,28040,7946,0.478504613,0,650899994,615954676.6,20873274.94,13206816.86,39596613.27,73676705.08,14052265.97,59624439.11,0.0471,0.1907,1.0567,7.818070547,11.56156078,43.19431041,91.64654816,2074,682,399,173147826,377,468,159,525,190753001.2,64031406.41,67478991.65,217431553.9,15395831.54,60863891.89,2.055986764,88.70601969,627,366,1523824.267,7561889.583,79,1326,2253495.414,14937133.88,8,3.619053019,4.280459724,10.52259841,32.36345285,7.16618051,611845.6535,1,36,6.346249275,0.258110645,0.286205785,0.633308318,0.61487313,6.165355946,17.57079142,95.58173541,7337,49069.00993,51.43685772,48.56314228,68.73232531,6.139725423,55.58759459,6.030374968,2023,3,77799.89279,616941.8032,8.642943095,352,100,1,1,1,70189775.39,31.15650073,1,6241656.9,6518,3159,9,779,0.040784564
Jumla Branch,Jumla,Karnali,Rural,2013,65,29.05067197,86.83628328,12,1408,1158,1,5,0.413308684,3,0.306347887,9743,4198,0.254275267,0,376221939.7,304226168.9,14538309.78,3813339.784,16505588.1,34857237.66,10324209.89,24533027.78,0.0361,0.2962,1.2367,13.19025551,14.0033779,59.10718747,84.79576906,844,313,225,119930895.1,272,212,200,272,89872491.22,30839373.26,34853761.4,78668178.66,10305029.78,59687334.62,1.84879144,86.06108124,335,245,559293.7043,3055838.699,17,654,715930.1056,5818790.185,5,2.065406681,3.915928091,9.639547112,4,8.247910256,211844.6413,2,19,1.854513949,0.229361488,0.564460165,0.865302458,0.282444943,5.930644355,21.03706454,71.94818478,1390,82004.88245,40,60,77.13995778,6.971447533,84.70469193,17.50479817,2017,4,105666.5844,326077.9039,10,354,91.31135122,1,0,1,20924354.71,22.48349612,0,1915865.577,3467,1053,6,461,0.077215675
Chitwan Central,Chitwan,Bagmati,Urban,2008,66,30.28584531,86.75836687,17,1000,718,3,17,0.7855898,4,0.538168885,16682,1862,0.355797167,0,988850968,717202982.2,31083839.93,4966462.712,90559597.1,126609899.7,17857201.43,108752698.3,0.0637,0.141,1.3788,7.673447716,18.8113357,19.54214141,99,646,122,114,314832913.3,162,269,149,135,256963029.5,107248595.4,126609237.3,279944985.4,16755511.71,0,0.696435606,91.26869831,504,237,6402005.626,13769566.13,94,593,4215670.774,3688232.028,48,2.82738522,4.542893162,12.48991577,27.69660647,7.108351433,356402.8552,4,27,4.538253882,0.221285704,0.100985021,0.622584245,0.413648926,4.882253904,24,97.94742904,9199,98748.1096,80.65650591,19.34349409,79.70737186,7.447641161,57.8260436,17.63025125,2014,1,39075.68696,806548.5415,8.448606276,116,89.6809026,1,1,0,81654994.79,26.3096075,0,17567371.44,6872,1072,6,679,0.045961079
Baitadi Branch,Baitadi,Sudurpashchim,Rural,2010,67,27.67995012,81.20994428,15,1807,1590,1,8,0.1,2,0.096635164,8249,2696,0.532034941,1,263583787.4,201640560.4,8070898.918,4559948.892,32564365.92,45195213.73,4752549.249,40442664.48,0.0869,0.1052,1.3072,5.471338496,9.384934645,55.02081069,89.61735482,1183,213,275,66366699.9,195,483,176,273,55305918.99,22870472.7,14851788.78,44014164.12,11517444.96,53080770.82,4.149325712,79.32162893,148,111,242966.1386,505983.1342,34,1241,1487295.569,7766518.75,3,4.696423974,4.528028405,13.11619457,23.34127199,7.785554075,234143.979,4,40,5.042244857,0.922210151,0.395797401,0.435075709,0.592447502,6.661388055,16.17793429,78.80914863,4127,39431.25216,72.0399237,27.9600763,78.48726716,5.649401716,91.89304354,11.0254586,2014,2,73048.62736,227559.2391,9.633770097,175,96.78067017,0,1,1,15633685.91,10,4,6392745.483,1560,386,6,477,0.041067942
Ilam Branch,Ilam,Province 1,Urban,2012,68,26.36628055,82.17601357,13,2848,2065,1,28,0.61346622,11,0.59467239,27405,12649,0.145459723,1,1520784310,1405413974,62515004.52,10768282.46,42119169.11,115402456.1,16653722.82,98748733.27,0.0337,0.1443,1.0821,13.27950388,20.76578527,12.34225414,91.92516497,1709,557,282,436627605.1,295,793,363,309,483744491.1,279316769.2,183889252.7,389999803,72300378.04,0,2.033777856,95.6205636,1044,716,5618977.238,11647277.62,220,1123,7853123.559,6363814.638,56,3.163268523,3.613561166,14.03526144,12.34011919,6.120381835,252986.2146,4,18,2.746565551,0.794148115,0.06780548,0.699708527,0.174810544,7.05230825,24,99.9,3887,66807.49538,85.8764368,14.1235632,85.16178287,4.121516289,76.10512173,8.792592024,2014,1,64535.82618,380287.0683,8.931922545,472,97.40122858,0,1,1,81507939.53,23.77145665,4,6470617.886,11045,6850,9,782,0.076674703
Rupandehi Branch,Rupandehi,Lumbini,Rural,2017,69,28.4900951,83.75594868,8,1000,892,1,9,0.269543192,3,0.137031114,15168,4173,0.291592764,0,288864552.9,301299810.3,14947710.82,4729102.487,9661117.907,29337931.21,3407838.215,25930093,0.0439,0.1162,0.9587,15.94456686,14.83321539,74.70928899,93.40579283,653,106,59,89773588.56,288,294,59,167,92297836.84,38692639.01,58269335.95,75250412.75,17330615.41,19458970.33,3.784180286,89.8673937,179,150,308903.3227,957661.8086,19,573,641470.7377,6676838.693,8,1.882687744,3.918466518,8.275486776,15.8978607,7.355481329,56816.74901,1,26,2.415160158,0.101253861,0.432632698,0.9989035,0.281622421,4.945669247,8.340433066,79.65039721,1458,52060.84973,75.01808213,24.98191787,71.82911369,3.259770135,99.31703925,15.29622834,2020,1,78776.59311,126851.7439,9.437570138,390,90.17732041,1,1,0,38135764.64,16.18637611,4,2212341.494,2616,919,8,981,0.098636518
Palpa Central,Palpa,Lumbini,Semi-Urban,2016,70,28.60309702,82.66652064,9,5543,4982,1,15,0.438218455,3,0.46997285,28944,8380,0.281486167,0,412655431.7,309322067.7,17962696.46,25267090.43,26737358.4,69967145.29,17757139.94,52210005.35,0.0723,0.2538,1.3341,6.154288251,8.240387596,39.89407067,95.31789937,3899,1380,494,127950746.1,800,1542,289,990,104533486.3,43736151.58,61732707.13,96281014.95,23370936.16,0,2.267408633,88.67742579,1612,897,1069939.586,3914833.23,196,3651,5290005.593,47867320.38,6,1.097296345,4.317709015,5.803708026,24.71919156,7.777376938,461542.3373,4,39,6.721317192,0.217074158,0.357631233,0.421031744,0.33649508,3.144123282,8,93.47079636,4685,70336.27232,100,0,92.38946353,4.664476353,92.61245137,13.04829708,2021,1,75771.04258,764468.8083,8.008363814,131,97.42136779,0,2,0,40742099.41,15.132269,2,9570323.709,22080,4114,11,1212,0.02091475
Salyan Branch,Salyan,Karnali,Rural,2013,71,27.7235128,83.718691,12,1831,1434,1,8,0.25109647,5,0.117299228,13388,-76,0.324846723,0,150000000,133072576.8,4804659.504,8731956.801,5526941.9,19063558.2,5077662.182,13985896.02,0.0494,0.2664,1.1272,12.38178885,14.02188064,73.32255854,96.24083963,1238,266,101,53697891.88,237,412,131,157,46085124.53,21149544.75,15548523.95,42453670.19,6691389.614,1144323.715,5.811592047,91.96207984,272,175,179995.6795,605231.515,11,1044,236272.6624,9387557.167,3,2.143725462,3.987212844,3.154620476,15.66344243,7.090717562,152700.1521,4,15,2.951823204,0.040461229,0.571657926,0.64150277,0.354521167,5.77423877,11.76825622,85.82300854,862,73119.77863,75.00310597,24.99689403,79.90699679,2.382944776,78.85342033,10.36052642,2015,0,0,167240.246,8.655190684,469,97.47529479,0,2,0,11288651.24,15.66434892,1,2085319.07,1425,898,14,1562,0.099212735
Taplejung North,Taplejung,Province 1,Urban,2009,72,28.63675709,84.80901368,16,1000,812,1,20,0.951465597,8,0.530752187,45617,14147,0.148892514,0,150000000,154900539,9295793.561,4604276.447,5454203.831,19354273.84,5683957.82,13670316.02,0.0448,0.2937,0.9684,6.709417555,17.52578081,13.8442021,86.61651631,629,106,156,43490556.41,174,263,135,93,32669701.33,37538772.78,29277666.34,57894149.31,10720362.29,0,1.516890568,87.61889563,543,469,491387.3616,3499062.649,26,473,939644.2572,3328980.399,37,3.112072426,4.131280665,12.96794956,34.21077555,7.362628212,115647.6254,2,39,4.7809297,0.042404226,0.117589554,0.312871959,0.156307803,5.314200845,22.87373928,96.07172381,670,33043.74052,40,60,78.65720838,0.967713692,33.62557176,19.11374068,2011,3,196850.4896,125748.529,9.426215402,361,97.89619245,0,1,0,20943837.69,26.18065361,3,2640469.272,2818,4254,11,804,0.050456096
Gulmi Branch,Gulmi,Lumbini,Semi-Urban,2010,73,26.94986674,83.95395305,15,3912,3401,1,5,0.671563106,6,0.381555857,29185,9214,0.32250619,1,1354742500,1137013849,44396256.34,12860063.25,92709908.17,149966227.8,38014415.15,111951812.6,0.0449,0.2535,1.1915,10.44328795,12.78926283,49.4152985,89.52939242,2425,576,636,482711184.5,537,880,374,747,232289304.6,155894628.2,220715373.7,303257428.5,49578339.42,175278774.1,2.120712573,93.07885575,1688,1151,3488043.505,22664804.09,105,3031,3678942.103,39763472.59,15,3.342719106,3.930276862,9.749053676,24.00633551,8.101206749,1716240.259,4,42,1.112290368,0.611786359,0.384188961,0.496135691,0.25511043,1.366874284,15.7978526,82.23430059,13514,75985.22313,67.37789704,32.62210296,78.52219681,29.99324555,27.02360137,9.733757955,2013,4,260481.4216,1711446.377,9.952467534,190,95.98023429,0,0,1,160288866.5,21.5023718,1,15629986.41,11930,4569,10,1300,0.089007013
Rupandehi Branch,Rupandehi,Lumbini,Semi-Urban,2018,74,27.42328045,81.47941179,7,3818,3209,1,11,0.372523345,7,0.361402498,23014,7250,0.235929863,1,392819893.6,445823613.5,23473881.08,12226583.88,11897524.6,47597989.55,10787341.92,36810647.63,0.0439,0.2266,0.8811,13.11103572,7.444667529,32.7249599,96.15644715,2829,681,258,176430011.4,1126,655,547,725,117474184.3,81853681.19,128591290.9,99720692.64,17412022.56,771741.9343,2.409082856,93.35240309,1099,738,1127368.007,4894323.738,136,2132,4527458.307,30567944.94,11,1.749699937,3.223120617,16.08944829,28.51691431,6.597948446,510564.9064,2,41,2.260673837,0.642708573,0.193853908,0.833713239,0.251781744,7.525782612,13.24235243,99.9,1722,69693.01651,61.49068898,38.50931102,86.38391926,4.327089959,38.4729079,10.35690762,2020,3,127000.5603,512675.4517,9.103187431,290,93.36765799,1,1,1,38963173.82,19.18603547,4,4719081.717,7006,3212,5,632,0.021201141
Morang Branch,Morang,Province 1,Urban,2013,75,28.20531232,81.29075606,12,6197,4724,2,28,0.62349754,6,0.527068024,30424,7778,0.47656297,0,988650246.5,1128713407,40885607.12,26419717.43,51804570.18,119109894.7,13854422.9,105255471.8,0.0497,0.1163,0.8759,10.20459588,12.98578154,10.39717405,94.96329738,4230,1309,1105,396997764.1,701,1791,920,1140,336343705,167878448.1,133901234.8,281452327.3,49992981.09,159144710.5,1.88414372,88.85700042,2092,1827,4080051.169,12073921.95,488,3764,18453316.93,38589677.21,36,1.803955438,2.718833171,11.04486119,52.95138506,8.284604288,574637.0516,3,28,3.961479241,0.24810303,0.054190899,0.99708546,0.481910765,5.026796507,21.70783629,99.9,10167,81461.90571,57.28780777,42.71219223,91.14321695,4.253924812,64.61607599,15.57690658,2018,3,43309.77128,438453.3391,9.218185726,259,96.31542722,0,2,0,104119543.3,20.09808329,3,6605199.51,21275,7300,13,1237,0.077811743
Nawalparasi East Branch,Nawalparasi East,Gandaki,Semi-Urban,2011,76,27.20538965,84.20123971,14,4824,3709,1,18,0.703345679,6,0.264335988,61275,4291,0.371287157,0,150000000,144520058,6118513.277,12839342.8,16534668.25,35492524.33,3938122.432,31554401.9,0.1071,0.111,1.0379,13.36430618,14.36725653,27.82928966,90.58383716,3645,1161,677,41559200.23,881,1049,327,727,49502004.33,18829489.56,17082629.44,36132393.14,8888423.734,14085117.84,1.811677873,90.50928148,2417,1666,1504956.133,3113170.91,86,2521,2656393.944,25810434.29,14,3.584314106,3.380446462,4.662373671,25.97713009,7.550887702,163993.9083,3,47,4.346683329,0.113603589,0.192106562,0.837782227,0.463125655,5.939115756,17.10719098,99.9,2808,76167.12384,50.98644032,49.01355968,71.71502975,1.971806907,32.00717876,11.4837262,2019,0,0,144857.0115,6.856811189,223,94.47243679,1,1,1,8924893.68,28.30735083,0,2494598.125,27132,7949,9,1219,0.063480093
Sarlahi Branch,Sarlahi,Madhesh,Semi-Urban,2019,77,27.37318192,82.69060332,6,1000,701,1,14,0.491662299,6,0.460829536,15394,15560,0.170277921,0,484181931,509279807.2,25469334.67,4500062.607,21538063.53,51507460.81,5893231.244,45614229.56,0.0459,0.1144,0.9507,10.10443244,12.92280362,25.14376372,86.95934094,776,135,126,167111712.7,182,161,110,109,157605967.3,98273130.04,102084345.9,185912848.7,11680397.56,0,1.76036631,88.1240181,254,205,318338.1513,6856949.472,41,585,1187083.102,8309250.485,8,2.277599432,4.640821898,14.7884553,10.66250452,7.746504778,157221.2553,1,36,4.996443497,0.183326927,0.212655094,0.71647829,0.199631203,7.552268269,24,83.87924647,1188,61873.64796,62.83713733,37.16286267,67.42422141,3.679104343,66.3173034,10.8299007,2024,0,0,204747.219,8.966358374,251,97.96200355,0,1,1,40377369.14,19.62024488,0,6153181.391,1967,1371,10,1195,0.0689643
Kailali Branch,Kailali,Sudurpashchim,Semi-Urban,2008,78,29.92086206,84.72122512,17,2953,2405,1,13,0.533582604,2,0.446123593,33280,13587,0.320493101,1,824717612.9,585902714.8,25188383.77,13004912.97,59107747.62,97301044.35,25921502.49,71379541.86,0.0506,0.2664,1.4076,8.400762384,12.60703197,27.73255586,88.65942839,2202,573,526,285956479.4,702,856,438,338,188525284.6,86404997.33,75469357.53,233778034.9,24157472.4,0,5.007446466,81.96169486,939,729,2407932.707,11752789.38,114,1375,4364167.691,16618072.18,19,2.629318405,5,12.03399922,21.71953158,7.142554577,260854.2149,1,35,3.639216636,0.64717029,0.256258493,0.859695046,0.416446237,7.971127254,9.152552355,99.9,5700,53365.45799,53.64064271,46.35935729,77.33347671,7.484695719,64.83324039,9.853777899,2014,0,0,810437.5414,9.08855327,416,90.20562694,0,1,0,29654368.07,22.31086333,3,8186536.092,11497,5330,5,337,0.046441187
Bhaktapur Branch,Bhaktapur,Bagmati,Urban,2013,79,28.77325941,84.29649285,12,10779,8398,1,14,0.681131962,7,0.620630632,86260,1537,0.235805312,0,1877730192,1472265065,74230620.21,25245279.45,89437063.26,188912962.9,53119405.77,135793557.1,0.0405,0.2812,1.2754,20.12154812,10.63936897,11.75873711,92.75882467,7917,2559,1656,711904681.5,2115,2630,1500,1556,393127060.5,320362456.3,165030548.8,513109299.5,103215121.4,0,1.705621387,92.12943603,4432,3532,6192827.949,26658441.67,461,6501,20277573.66,90235795.81,19,2.513403444,3.679256545,14.43936142,45.65217732,7.309096208,2591405.335,2,11,5.439515884,0.295085631,0.095628567,0.889684042,0.245848021,3.172108676,17.00910539,99.9,7925,71663.43069,97.26174043,2.738259572,83.55613349,13.49378307,89.16749524,10.43470985,2020,3,114914.8376,1129590.997,8.499291405,265,91.2487768,0,0,0,213585431.3,23.02257663,1,15156832.7,27134,30002,12,1696,0.055501927
